{
  "d": {
    "results": [
      {
        "__metadata": {
          "id": "https://defnsv2123.fn2.mtufn.com:8002/sap/opu/odata/sap/Y_DIGITAL_TWIN_SRV/DocListSet(Equnr='000000000010000018',Instid='FOL35000000000004EXT43000000000377')",
          "uri": "https://defnsv2123.fn2.mtufn.com:8002/sap/opu/odata/sap/Y_DIGITAL_TWIN_SRV/DocListSet(Equnr='000000000010000018',Instid='FOL35000000000004EXT43000000000377')",
          "type": "Y_DIGITAL_TWIN_SRV.DocList"
        },
        "Equnr": "000000000010000018",
        "Instid": "FOL35000000000004EXT43000000000377",
        "Docnam": "MITTEILUNG",
        "Docdes": "test",
        "Docla": "DE",
        "Crdat": "\/Date(1540944000000)\/",
        "Chdat": "\/Date(1541376000000)\/",
        "FileExt": "txt"
      },
      {
        "__metadata": {
          "id": "https://defnsv2123.fn2.mtufn.com:8002/sap/opu/odata/sap/Y_DIGITAL_TWIN_SRV/DocListSet(Equnr='000000000010000018',Instid='FOL35000000000004EXT43000000000411')",
          "uri": "https://defnsv2123.fn2.mtufn.com:8002/sap/opu/odata/sap/Y_DIGITAL_TWIN_SRV/DocListSet(Equnr='000000000010000018',Instid='FOL35000000000004EXT43000000000411')",
          "type": "Y_DIGITAL_TWIN_SRV.DocList"
        },
        "Equnr": "000000000010000018",
        "Instid": "FOL35000000000004EXT43000000000411",
        "Docnam": "MITTEILUNG",
        "Docdes": "tests",
        "Docla": "DE",
        "Crdat": "\/Date(1541462400000)\/",
        "Chdat": "\/Date(1541462400000)\/",
        "FileExt": "xls"
      }
    ]
  }
}