{
  "d": {
    "results": [
      {
        "__metadata": {
          "id": "https://sap-fes-i.org-intra.net/sap/opu/odata/sap/Y_DIGITAL_TWIN_SRV/IbaseChangesSet(Sernr='000000000526104875',Ibase='000000000000001130')",
          "uri": "https://sap-fes-i.org-intra.net/sap/opu/odata/sap/Y_DIGITAL_TWIN_SRV/IbaseChangesSet(Sernr='000000000526104875',Ibase='000000000000001130')",
          "type": "Y_DIGITAL_TWIN_SRV.IbaseChanges"
        },
        "Sernr": "000000000526104875",
        "Ibase": "000000000000001130",
        "Crnam": "NO",
        "Crtim": "20180212085321",
        "Upnam": "NO",
        "Uptim": "20180212085436",
        "InRecno": "051MYoXO7jY3{aMUFTBgYm",
        "Matnr": "12V4000G23",
        "Maktx": "DIESEL ENGINE",
        "Valfr": "20180212085209",
        "Valto": "20180212085427"
      },
      {
        "__metadata": {
          "id": "https://sap-fes-i.org-intra.net/sap/opu/odata/sap/Y_DIGITAL_TWIN_SRV/IbaseChangesSet(Sernr='000000000526104875',Ibase='000000000000001130')",
          "uri": "https://sap-fes-i.org-intra.net/sap/opu/odata/sap/Y_DIGITAL_TWIN_SRV/IbaseChangesSet(Sernr='000000000526104875',Ibase='000000000000001130')",
          "type": "Y_DIGITAL_TWIN_SRV.IbaseChanges"
        },
        "Sernr": "000000000526104875",
        "Ibase": "000000000000001130",
        "Crnam": "NO",
        "Crtim": "20180212085436",
        "Upnam": "NO",
        "Uptim": "20180301125201",
        "InRecno": "051MYoXO7jY3{aivGzagYm",
        "Matnr": "",
        "Maktx": "",
        "Valfr": "20180212085427",
        "Valto": "20180301125157"
      },
      {
        "__metadata": {
          "id": "https://sap-fes-i.org-intra.net/sap/opu/odata/sap/Y_DIGITAL_TWIN_SRV/IbaseChangesSet(Sernr='000000000526104875',Ibase='000000000000001130')",
          "uri": "https://sap-fes-i.org-intra.net/sap/opu/odata/sap/Y_DIGITAL_TWIN_SRV/IbaseChangesSet(Sernr='000000000526104875',Ibase='000000000000001130')",
          "type": "Y_DIGITAL_TWIN_SRV.IbaseChanges"
        },
        "Sernr": "000000000526104875",
        "Ibase": "000000000000001130",
        "Crnam": "NO",
        "Crtim": "20180301125201",
        "Upnam": "NO",
        "Uptim": "20180301125223",
        "InRecno": "051MYoXO7jY7gUfL1tlgYm",
        "Matnr": "12V4000G23",
        "Maktx": "DIESEL ENGINE",
        "Valfr": "20180301125157",
        "Valto": "20180301125220"
      },
      {
        "__metadata": {
          "id": "https://sap-fes-i.org-intra.net/sap/opu/odata/sap/Y_DIGITAL_TWIN_SRV/IbaseChangesSet(Sernr='000000000526104875',Ibase='000000000000001130')",
          "uri": "https://sap-fes-i.org-intra.net/sap/opu/odata/sap/Y_DIGITAL_TWIN_SRV/IbaseChangesSet(Sernr='000000000526104875',Ibase='000000000000001130')",
          "type": "Y_DIGITAL_TWIN_SRV.IbaseChanges"
        },
        "Sernr": "000000000526104875",
        "Ibase": "000000000000001130",
        "Crnam": "NO",
        "Crtim": "20180301125223",
        "Upnam": "NO",
        "Uptim": "20180301132249",
        "InRecno": "051MYoXO7jY7gUmgju4gYm",
        "Matnr": "",
        "Maktx": "",
        "Valfr": "20180301125220",
        "Valto": "20180301132235"
      },
      {
        "__metadata": {
          "id": "https://sap-fes-i.org-intra.net/sap/opu/odata/sap/Y_DIGITAL_TWIN_SRV/IbaseChangesSet(Sernr='000000000526104875',Ibase='000000000000001130')",
          "uri": "https://sap-fes-i.org-intra.net/sap/opu/odata/sap/Y_DIGITAL_TWIN_SRV/IbaseChangesSet(Sernr='000000000526104875',Ibase='000000000000001130')",
          "type": "Y_DIGITAL_TWIN_SRV.IbaseChanges"
        },
        "Sernr": "000000000526104875",
        "Ibase": "000000000000001130",
        "Crnam": "NO",
        "Crtim": "20180301132249",
        "Upnam": "NO",
        "Uptim": "20180301132306",
        "InRecno": "051MYoXO7jY7gdH2GU5gYm",
        "Matnr": "12V4000G23",
        "Maktx": "DIESEL ENGINE",
        "Valfr": "20180301132235",
        "Valto": "20180301132303"
      },
      {
        "__metadata": {
          "id": "https://sap-fes-i.org-intra.net/sap/opu/odata/sap/Y_DIGITAL_TWIN_SRV/IbaseChangesSet(Sernr='000000000526104875',Ibase='000000000000001130')",
          "uri": "https://sap-fes-i.org-intra.net/sap/opu/odata/sap/Y_DIGITAL_TWIN_SRV/IbaseChangesSet(Sernr='000000000526104875',Ibase='000000000000001130')",
          "type": "Y_DIGITAL_TWIN_SRV.IbaseChanges"
        },
        "Sernr": "000000000526104875",
        "Ibase": "000000000000001130",
        "Crnam": "NO",
        "Crtim": "20180301132306",
        "Upnam": "NO",
        "Uptim": "20180302115238",
        "InRecno": "051MYoXO7jY7gdLWN1DgYm",
        "Matnr": "",
        "Maktx": "",
        "Valfr": "20180301132303",
        "Valto": "20180302115233"
      },
      {
        "__metadata": {
          "id": "https://sap-fes-i.org-intra.net/sap/opu/odata/sap/Y_DIGITAL_TWIN_SRV/IbaseChangesSet(Sernr='000000000526104875',Ibase='000000000000001130')",
          "uri": "https://sap-fes-i.org-intra.net/sap/opu/odata/sap/Y_DIGITAL_TWIN_SRV/IbaseChangesSet(Sernr='000000000526104875',Ibase='000000000000001130')",
          "type": "Y_DIGITAL_TWIN_SRV.IbaseChanges"
        },
        "Sernr": "000000000526104875",
        "Ibase": "000000000000001130",
        "Crnam": "NO",
        "Crtim": "20160406135855",
        "Upnam": "NO",
        "Uptim": "20180212085321",
        "InRecno": "051MYoXO7kM{}}HruQqEkG",
        "Matnr": "",
        "Maktx": "",
        "Valfr": "20160406135806",
        "Valto": "20180212085209"
      },
      {
        "__metadata": {
          "id": "https://sap-fes-i.org-intra.net/sap/opu/odata/sap/Y_DIGITAL_TWIN_SRV/IbaseChangesSet(Sernr='000000000526104875',Ibase='000000000000001130')",
          "uri": "https://sap-fes-i.org-intra.net/sap/opu/odata/sap/Y_DIGITAL_TWIN_SRV/IbaseChangesSet(Sernr='000000000526104875',Ibase='000000000000001130')",
          "type": "Y_DIGITAL_TWIN_SRV.IbaseChanges"
        },
        "Sernr": "000000000526104875",
        "Ibase": "000000000000001130",
        "Crnam": "NO",
        "Crtim": "20160406135855",
        "Upnam": "",
        "Uptim": "0",
        "InRecno": "051MYoXO7kM{}}PXdttEkG",
        "Matnr": "XS526180.00006",
        "Maktx": "OIL PUMP",
        "Valfr": "20160406135806",
        "Valto": "99991231235959"
      },
      {
        "__metadata": {
          "id": "https://sap-fes-i.org-intra.net/sap/opu/odata/sap/Y_DIGITAL_TWIN_SRV/IbaseChangesSet(Sernr='000000000526104875',Ibase='000000000000001130')",
          "uri": "https://sap-fes-i.org-intra.net/sap/opu/odata/sap/Y_DIGITAL_TWIN_SRV/IbaseChangesSet(Sernr='000000000526104875',Ibase='000000000000001130')",
          "type": "Y_DIGITAL_TWIN_SRV.IbaseChanges"
        },
        "Sernr": "000000000526104875",
        "Ibase": "000000000000001130",
        "Crnam": "NO",
        "Crtim": "20160405131424",
        "Upnam": "NO",
        "Uptim": "20160406135855",
        "InRecno": "051MYqhc7kM{vWd52Pl9c0",
        "Matnr": "XS526180.00006",
        "Maktx": "OIL PUMP",
        "Valfr": "20160202150851",
        "Valto": "20160406135806"
      },
      {
        "__metadata": {
          "id": "https://sap-fes-i.org-intra.net/sap/opu/odata/sap/Y_DIGITAL_TWIN_SRV/IbaseChangesSet(Sernr='000000000526104875',Ibase='000000000000001130')",
          "uri": "https://sap-fes-i.org-intra.net/sap/opu/odata/sap/Y_DIGITAL_TWIN_SRV/IbaseChangesSet(Sernr='000000000526104875',Ibase='000000000000001130')",
          "type": "Y_DIGITAL_TWIN_SRV.IbaseChanges"
        },
        "Sernr": "000000000526104875",
        "Ibase": "000000000000001130",
        "Crnam": "NO",
        "Crtim": "20160405131424",
        "Upnam": "NO",
        "Uptim": "20160406135855",
        "InRecno": "051MYqhc7kM{vWd52Z19c0",
        "Matnr": "",
        "Maktx": "",
        "Valfr": "20160202150851",
        "Valto": "20160406135806"
      },
      {
        "__metadata": {
          "id": "https://sap-fes-i.org-intra.net/sap/opu/odata/sap/Y_DIGITAL_TWIN_SRV/IbaseChangesSet(Sernr='000000000526104875',Ibase='000000000000001130')",
          "uri": "https://sap-fes-i.org-intra.net/sap/opu/odata/sap/Y_DIGITAL_TWIN_SRV/IbaseChangesSet(Sernr='000000000526104875',Ibase='000000000000001130')",
          "type": "Y_DIGITAL_TWIN_SRV.IbaseChanges"
        },
        "Sernr": "000000000526104875",
        "Ibase": "000000000000001130",
        "Crnam": "",
        "Crtim": "20160405131424",
        "Upnam": "",
        "Uptim": "20190607142419",
        "InRecno": "051MYqhc7kM{vWd52Z79c0",
        "Matnr": "A001061/33E",
        "Maktx": "FLUIDS/LUBRICANTS    FOR ENGINE",
        "Valfr": "20160202150851",
        "Valto": "20190607142340"
      },
      {
        "__metadata": {
          "id": "https://sap-fes-i.org-intra.net/sap/opu/odata/sap/Y_DIGITAL_TWIN_SRV/IbaseChangesSet(Sernr='000000000526104875',Ibase='000000000000001130')",
          "uri": "https://sap-fes-i.org-intra.net/sap/opu/odata/sap/Y_DIGITAL_TWIN_SRV/IbaseChangesSet(Sernr='000000000526104875',Ibase='000000000000001130')",
          "type": "Y_DIGITAL_TWIN_SRV.IbaseChanges"
        },
        "Sernr": "000000000526104875",
        "Ibase": "000000000000001130",
        "Crnam": "",
        "Crtim": "20160405131424",
        "Upnam": "",
        "Uptim": "20160407091225",
        "InRecno": "051MYqhc7kM{vWd52ZNfc0",
        "Matnr": "000.00899",
        "Maktx": "PLATE",
        "Valfr": "20160202150851",
        "Valto": "20160407091152"
      },
      {
        "__metadata": {
          "id": "https://sap-fes-i.org-intra.net/sap/opu/odata/sap/Y_DIGITAL_TWIN_SRV/IbaseChangesSet(Sernr='000000000526104875',Ibase='000000000000001130')",
          "uri": "https://sap-fes-i.org-intra.net/sap/opu/odata/sap/Y_DIGITAL_TWIN_SRV/IbaseChangesSet(Sernr='000000000526104875',Ibase='000000000000001130')",
          "type": "Y_DIGITAL_TWIN_SRV.IbaseChanges"
        },
        "Sernr": "000000000526104875",
        "Ibase": "000000000000001130",
        "Crnam": "",
        "Crtim": "20160405131424",
        "Upnam": "",
        "Uptim": "20160406140126",
        "InRecno": "051MYqhc7kM{vWd52Zofc0",
        "Matnr": "X00020254",
        "Maktx": "STRAINER",
        "Valfr": "20160202150851",
        "Valto": "20160406140005"
      },
      {
        "__metadata": {
          "id": "https://sap-fes-i.org-intra.net/sap/opu/odata/sap/Y_DIGITAL_TWIN_SRV/IbaseChangesSet(Sernr='000000000526104875',Ibase='000000000000001130')",
          "uri": "https://sap-fes-i.org-intra.net/sap/opu/odata/sap/Y_DIGITAL_TWIN_SRV/IbaseChangesSet(Sernr='000000000526104875',Ibase='000000000000001130')",
          "type": "Y_DIGITAL_TWIN_SRV.IbaseChanges"
        },
        "Sernr": "000000000526104875",
        "Ibase": "000000000000001130",
        "Crnam": "",
        "Crtim": "20160407091225",
        "Upnam": "",
        "Uptim": "20160407091736",
        "InRecno": "051MYqhc7kM}b1hfgLrfc0",
        "Matnr": "000.00899",
        "Maktx": "PLATE",
        "Valfr": "20160407091152",
        "Valto": "20160407091721"
      },
      {
        "__metadata": {
          "id": "https://sap-fes-i.org-intra.net/sap/opu/odata/sap/Y_DIGITAL_TWIN_SRV/IbaseChangesSet(Sernr='000000000526104875',Ibase='000000000000001130')",
          "uri": "https://sap-fes-i.org-intra.net/sap/opu/odata/sap/Y_DIGITAL_TWIN_SRV/IbaseChangesSet(Sernr='000000000526104875',Ibase='000000000000001130')",
          "type": "Y_DIGITAL_TWIN_SRV.IbaseChanges"
        },
        "Sernr": "000000000526104875",
        "Ibase": "000000000000001130",
        "Crnam": "",
        "Crtim": "20160407091736",
        "Upnam": "",
        "Uptim": "0",
        "InRecno": "051MYqhc7kM}b36CFGR9c0",
        "Matnr": "000.00899",
        "Maktx": "PLATE",
        "Valfr": "20160407091721",
        "Valto": "99991231235959"
      },
      {
        "__metadata": {
          "id": "https://sap-fes-i.org-intra.net/sap/opu/odata/sap/Y_DIGITAL_TWIN_SRV/IbaseChangesSet(Sernr='000000000526104875',Ibase='000000000000001130')",
          "uri": "https://sap-fes-i.org-intra.net/sap/opu/odata/sap/Y_DIGITAL_TWIN_SRV/IbaseChangesSet(Sernr='000000000526104875',Ibase='000000000000001130')",
          "type": "Y_DIGITAL_TWIN_SRV.IbaseChanges"
        },
        "Sernr": "000000000526104875",
        "Ibase": "000000000000001130",
        "Crnam": "",
        "Crtim": "20180302115238",
        "Upnam": "",
        "Uptim": "20180302115301",
        "InRecno": "051MYqhc7kY7mWN{RScwMm",
        "Matnr": "12V4000G23",
        "Maktx": "DIESEL ENGINE",
        "Valfr": "20180302115233",
        "Valto": "20180302115257"
      },
      {
        "__metadata": {
          "id": "https://sap-fes-i.org-intra.net/sap/opu/odata/sap/Y_DIGITAL_TWIN_SRV/IbaseChangesSet(Sernr='000000000526104875',Ibase='000000000000001130')",
          "uri": "https://sap-fes-i.org-intra.net/sap/opu/odata/sap/Y_DIGITAL_TWIN_SRV/IbaseChangesSet(Sernr='000000000526104875',Ibase='000000000000001130')",
          "type": "Y_DIGITAL_TWIN_SRV.IbaseChanges"
        },
        "Sernr": "000000000526104875",
        "Ibase": "000000000000001130",
        "Crnam": "",
        "Crtim": "20180302115301",
        "Upnam": "",
        "Uptim": "0",
        "InRecno": "051MYqhc7kY7mWUSOt4wMm",
        "Matnr": "",
        "Maktx": "",
        "Valfr": "20180302115257",
        "Valto": "99991231235959"
      },
      {
        "__metadata": {
          "id": "https://sap-fes-i.org-intra.net/sap/opu/odata/sap/Y_DIGITAL_TWIN_SRV/IbaseChangesSet(Sernr='000000000526104875',Ibase='000000000000001130')",
          "uri": "https://sap-fes-i.org-intra.net/sap/opu/odata/sap/Y_DIGITAL_TWIN_SRV/IbaseChangesSet(Sernr='000000000526104875',Ibase='000000000000001130')",
          "type": "Y_DIGITAL_TWIN_SRV.IbaseChanges"
        },
        "Sernr": "000000000526104875",
        "Ibase": "000000000000001130",
        "Crnam": "",
        "Crtim": "20190607142419",
        "Upnam": "",
        "Uptim": "0",
        "InRecno": "051Ma4RC7jcYfVq4dD}H5m",
        "Matnr": "A001061/33E",
        "Maktx": "FLUIDS/LUBRICANTS    FOR ENGINE",
        "Valfr": "20190607142340",
        "Valto": "99991231235959"
      }
    ]
  }
}
